﻿Order,Label,Key,Parent
1,Họ và tên người nhận,@NguoiNhan_HoTen,
2,Địa chỉ người nhận,@NguoiNhan_DiaChi,
3,Số điện thoại người nhận,@NguoiNhan_DienThoai,
4,Căn cước công dân người nhận,@NguoiNhan_CCCD,
5,Đơn vị người nhận,@NguoiNhan_DonVi,
6,Doanh nghiệp/Công ty của người nhận,@NguoiNhan_DoanhNghiep,
7,Mã số thuế người nhận,@NguoiNhan_MaSoThue,
8,Mã báo cáo tổn thất,@BCTT_MaBCTT,
9,Tên tổn thất,@BCTT_TenTonThat,
10,Người thụ hưởng bảo hiểm,@BCTT_NguoiThuHuongBH,
11,Địa điểm tổn thất,@BCTT_DiaDiemTonThat,
12,Số hợp đồng,@BCTT_SoHopDong,
13,Danh sách công việc (Kế hoạch giám định),@KHGD_DanhSachCongViec,
14,Tên công việc,@KHGD_DSCV_TenCongViec,@KHGD_DanhSachCongViec
15,Mục đích công việc,@KHGD_DSCV_MucDichCongViec,@KHGD_DanhSachCongViec
16,Ngày thực hiện,@KHGD_DSCV_NgayThucHien,@KHGD_DanhSachCongViec
17,Số giờ làm việc,@KHGD_DSCV_ThoiGianLamViec,@KHGD_DanhSachCongViec
18,Người thực hiện,@KHGD_DSCV_CanBoThucHien,@KHGD_DanhSachCongViec
19,Danh sách công việc (Kế hoạch khắc phục),@KHKP_DanhSachCongViec,
20,Mã công việc,@KHKP_DSCV_MaCongViec,@KHKP_DanhSachCongViec
21,Tên công việc,@KHKP_DSCV_TenCongViec,@KHKP_DanhSachCongViec
22,Nội dung công việc,@KHKP_DSCV_NoiDungCongViec,@KHKP_DanhSachCongViec
23,Đơn vị thực hiện,@KHKP_DSCV_DonViThucHien,@KHKP_DanhSachCongViec
24,Người thực hiện,@KHKP_DSCV_NguoiThucHien,@KHKP_DanhSachCongViec
25,Số tiền dự kiến khắc phục (Nguyên tệ),@KHKP_DSCV_SoTienDuKien,@KHKP_DanhSachCongViec
26,Loại tiền,@KHKP_DSCV_MaTienTe,@KHKP_DanhSachCongViec
27,Ngày thực hiện,@KHKP_DSCV_NgayThucHien,@KHKP_DanhSachCongViec
28,Số tiền dự kiến khắc phục (VNĐ),@KHKP_DSCV_SoTienDuKienQuyDoi,@KHKP_DanhSachCongViec
29,Tổng số tiền dự kiến (Kế hoạch khắc phục - VNĐ),@KHKP_TongSoTienKHKP,
30,Danh sách công việc (Ước phí),@UP_DanhSachCongViec,
31,Mã báo cáo,@UP_DSCV_MaBaoCao,@UP_DanhSachCongViec
32,Mã công việc,@UP_DSCV_MaCongViec,@UP_DanhSachCongViec
33,Tên công việc,@UP_DSCV_TenCongViec,@UP_DanhSachCongViec
34,Nội dung công việc,@UP_DSCV_NoiDungCongViec,@UP_DanhSachCongViec
35,Ước phí nguyên tệ,@UP_DSCV_UocPhiNguyenTe,@UP_DanhSachCongViec
36,Mã tiền tệ,@UP_DSCV_MaTienTe,@UP_DanhSachCongViec
37,Tỷ giá,@UP_DSCV_TyGia,@UP_DanhSachCongViec
38,Ước phí (VNĐ),@UP_DSCV_UocPhiVND,@UP_DanhSachCongViec
39,Tổng ước phí VNĐ,@UP_TongUocPhiVND,
