﻿Order,Label,Key,Parent
1,Đơn vị giám định,@PAGD_CongTyGiamDinh,
2,Đơn vị cấp đơn,@KBTT_TenDonViCapDon,
3,Đơn vị GQKN,@KBTT_TenDonViGqkn,
4,Đầu mối liên hệ tại đơn vị cấp đơn,@BCTT_DauMoiLienHeTaiDVCD,
5,Mã báo cáo tổn thất,@BCTT_MaBCTT,
6,Tên tổn thất,@BCTT_TenTonThat,
7,Người thụ hưởng bảo hiểm,@BCTT_NguoiThuHuongBH,
8,Địa điểm tổn thất,@BCTT_DiaDiemTonThat,
9,Số hợp đồng,@BCTT_SoHopDong,
10,Danh sách tài liệu còn thiếu (Rút gọn),@HDHS_DanhSachTaiLieuConThieu_RutGon,
11,Danh sách tài liệu còn thiếu,@HDHS_DanhSachTaiLieuConThieu,
12,Mã tài liệu,@HDHS_DSTLCT_MaTaiLieu,@HDHS_DanhSachTaiLieuConThieu
13,Tên tài liệu,@HDHS_DSTLCT_TenTaiLieu,@HDHS_DanhSachTaiLieuConThieu
14,Ghi chú,@HDHS_DSTLCT_GhiChu,@HDHS_DanhSachTaiLieuConThieu
