﻿Order,Label,Key,Parent
1,Họ và tên người nhận,@NguoiNhan_HoTen,
2,Địa chỉ người nhận,@NguoiNhan_DiaChi,
3,Số điện thoại người nhận,@NguoiNhan_DienThoai,
4,Căn cước công dân người nhận,@NguoiNhan_CCCD,
5,Đơn vị người nhận,@NguoiNhan_DonVi,
6,Doanh nghiệp/Công ty của người nhận,@NguoiNhan_DoanhNghiep,
7,Mã số thuế người nhận,@NguoiNhan_MaSoThue,
8,Tỉ lệ đồng bảo hiểm (Với nhà đồng),@NguoiNhan_TiLeDongBH,
9,Tỉ lệ tái bảo hiểm (Với nhà tái),@NguoiNhan_TiLeTaiBH,
10,Link chi tiết báo cáo tổn thất,@BCTT_LinkChiTiet,
11,Mã báo cáo tổn thất,@BCTT_MaBCTT,
12,Ngày lập báo cáo,@BCTT_NgayLapBaoCao,
13,Tên tổn thất,@HSBT_TenTonThat,
14,Người thụ hưởng bảo hiểm,@BCTT_NguoiThuHuongBH,
15,Số đơn bảo hiểm,@BCTT_SoDonBH,
16,Số đơn sửa đổi bổ sung,@BCTT_SoDonSDBS,
17,Bảo hành mở rộng,@BCTT_BaoHanhMoRong,
18,Thời hạn hồi tối,@BCTT_ThoiHanHoiTo,
19,Ngày bắt đầu bảo hiểm,@BCTT_NgayBatDauBH,
20,Ngày kết thúc bảo hiểm,@BCTT_NgayKetThucBH,
21,Số lần tổn thất trong thời hạn của Đơn/ HĐBH không tính các lần bị từ chối BT,@BCTT_SoLanTonThat,
22,Tổng số phí bảo hiểm,@BCTT_TongPhiBH,
23,Tổng số phí bảo hiểm thực nộp,@BCTT_TongPhiThucNop,
24,Tình trạng nộp phí,@BCTT_TinhTrangNopPhi,
25,trạng thái nộp phí,@BCTT_TrangThaiNopPhi,
26,Mã sự kiện tổn thất,@BCTT_MaSKTT,
27,Tên sự kiện tổn thất,@BCTT_TenSKTT,
28,Địa chỉ liên hệ,@BCTT_DiaChiLienHe,
29,Số hợp đồng,@BCTT_SoHopDong,
30,Đối tượng được bảo hiểm,@BCTT_DoiTuongDuocBH,
31,Mã đơn vị cấp đơn,@KBTT_MaDonViCapDon,
32,Tên đơn vị cấp đơn,@KBTT_TenDonViCapDon,
33,Mã đơn vị giải quyết khiếu nại,@KBTT_MaDonViGqkn,
34,Tên đơn vị giải quyết khiếu nại,@KBTT_TenDonViGqkn,
35,Mã nghiệp vụ bảo hiểm,@BCTT_MaNghiepVuBaoHiem,
36,Mã nghiệp vụ bảo hiểm,@BCTT_TenNghiepVuBaoHiem,
37,Mã ban cấp đơn,@BCTT_MaBanCapDon,
38,Mã phòng cấp đơn,@BCTT_MaPhongCapDon,
39,Mã khách hàng,@BCTT_MaKhachHang,
40,Đối tượng tổn thất,@HSBT_DoiTuongTonThat,
41,Mã hồ sơ bồi thường,@HSBT_MaHoSoBoiThuong,
42,Mã tỉnh thành xảy ra tổn thất,@BCTT_MaTinhXayRaTonThat,
43,Tên tỉnh thành xảy ra tổn thất,@BCTT_TenTinhXayRaTonThat,
44,Địa điểm tổn thất,@HSBT_DiaDiemTonThat,
45,Ngày tiếp nhận tổn thất,@BCTT_NgayTiepNhanTonThat,
46,Giờ tiếp nhận tổn thất,@BCTT_GioTiepNhanTonThat,
47,Ngày xảy ra tổn thất,@HSBT_NgayXayRaTonThat,
48,Giờ xảy ra tổn thất,@HSBT_GioXayRaTonThat,
49,Ước lượng tổn thất,@BCTT_UocLuongTonThat,
50,Nguyên nhân sơ bộ,@HSBT_NguyenNhanSoBo,
51,Mã tiền tệ ước lượng tổn thất,@BCTT_MaTienTeUocLuong,
52,Mã tiền tệ Tổng số phí bảo hiểm,@BCTT_MaTienTeTongPhiBH,
53,Mã tiền tệ tổng phí bảo hiểm thực nộp,@BCTT_MaTienTeTongPhiBHThucNop,
54,Đơn có Tái fronting hay không?,@BCTT_TaiFronting,
55,Loại hình tổn thất,@BCTT_LoaiHinhTonThat,
56,Đơn có Ri,@BCTT_DonCoRI,
57,Danh sách tài liệu đính kèm,@BCTT_CacTaiLieuDinhKem,
58,Đầu mối liên hệ tại đơn vị cấp đơn,@BCTT_DauMoiLienHeTaiDVCD,
59,Nội dung thay đổi,@HSBT_NoiDungThayDoi,
60,Danh sách nhà đồng bảo hiểm,@BCTT_DanhSachNhaDong,
61,Tên nhà đồng bảo hiểm,@BCTT_DSND_TenNhaDong,@BCTT_DanhSachNhaDong
62,Vai trò đồng bảo hiểm,@BCTT_DSND_VaiTroDong,@BCTT_DanhSachNhaDong
63,Tỉ lệ đồng,@BCTT_DSND_TiLeDong,@BCTT_DanhSachNhaDong
64,Tỉ lệ tái hộ đồng,@BCTT_DSND_TiLeTaiHoDong,@BCTT_DanhSachNhaDong
65,Liên hệ,@BCTT_DSND_LienHe,@BCTT_DanhSachNhaDong
66,Số điện thoại,@BCTT_DSND_SoDienThoai,@BCTT_DanhSachNhaDong
67,Email,@BCTT_DSND_Email,@BCTT_DanhSachNhaDong
68,Danh sách nhà tái bảo hiểm,@BCTT_DanhSachNhaTai,
69,Phương thức tái,@BCTT_DSNT_PhuongThucTai,@BCTT_DanhSachNhaTai
70,Tên nhà tái bảo hiểm,@BCTT_DSNT_TenNhaTai,@BCTT_DanhSachNhaTai
71,Tái Leader,@BCTT_DSNT_TaiLeader,@BCTT_DanhSachNhaTai
72,Nhà tái follower,@BCTT_DSNT_NhaTaiFollower,@BCTT_DanhSachNhaTai
73,Tỉ lệ tái theo đơn,@BCTT_DSNT_TiLeTaiTheoDon,@BCTT_DanhSachNhaTai
74,Tỉ lệ Tái theo HĐ TBH,@BCTT_DSNT_TiLeTaiTheoHDTBH,@BCTT_DanhSachNhaTai
75,Liên hệ,@BCTT_DSNT_LienHe,@BCTT_DanhSachNhaTai
76,Số điện thoại,@BCTT_DSNT_SoDienThoai,@BCTT_DanhSachNhaTai
77,Email,@BCTT_DSNT_Email,@BCTT_DanhSachNhaTai
78,Chi tiết hạng mục,@HSBT_ChiTietHangMuc,
79,Tên hạng mục,,@HSBT_ChiTietHangMuc
80,Loại tiền,,@HSBT_ChiTietHangMuc
81,Tỷ giá,,@HSBT_ChiTietHangMuc
82,Mức trách nhiệm,,@HSBT_ChiTietHangMuc
83,Phí bảo hiểm,,@HSBT_ChiTietHangMuc
84,Phí bảo hiểm quy đổi,,@HSBT_ChiTietHangMuc
85,Mức khẩu trừ đơn,,@HSBT_ChiTietHangMuc
86,Loại tiền,,@HSBT_ChiTietHangMuc
87,Tỷ giá,,@HSBT_ChiTietHangMuc
88,Số tiền ước BT,,@HSBT_ChiTietHangMuc
89,Số tiền ước BT giữ lại,,@HSBT_ChiTietHangMuc
90,Số tiền ước BT quy đổi,,@HSBT_ChiTietHangMuc
91,Số tiền ước BT giữ lại quy đổi,,@HSBT_ChiTietHangMuc
92,Danh sách người liên hệ đồng/tái BH,@BCTT_DanhSachNguoiLienHe,@HSBT_ChiTietHangMuc
