﻿Order,Label,Key,Parent
1,Họ và tên người nhận,@NguoiNhan_HoTen,
2,Địa chỉ người nhận,@NguoiNhan_DiaChi,
3,Số điện thoại người nhận,@NguoiNhan_DienThoai,
4,Căn cước công dân người nhận,@NguoiNhan_CCCD,
5,Đơn vị người nhận,@NguoiNhan_DonVi,
6,Doanh nghiệp/Công ty của người nhận,@NguoiNhan_DoanhNghiep,
7,Mã số thuế người nhận,@NguoiNhan_MaSoThue,
8,Link chi tiết khai báo tổn thất,@KBTT_LinkChiTiet,
9,Mã khai báo tổn thất,@KBTT_MaKBTT,
10,Khách hàng khai báo,@KBTT_KhachHang,
11,Người liên hệ,@KBTT_NguoiLienHe,
12,Địa chỉ liên hệ khách hàng,@KBTT_DiaChiLienHe,
13,Email liên hệ khách hàng,@KBTT_EmailLienHe,
14,Điện thoại liên hệ khách hàng,@KBTT_DienThoaiLienHe,
15,Số hợp đồng,@KBTT_SoHopDong,
16,Số đơn bảo hiểm,@KBTT_SoDonBaoHiem,
17,Số đơn SDBS,@KBTT_SoDonSDBS,
18,Đối tượng tổn thất,@KBTT_DoiTuongTonThat,
19,Ngày bắt đầu bảo hiểm,@KBTT_NgayBatDauBH,
20,Ngày kết thúc bảo hiểm,@KBTT_NgayKetThucBH,
21,Đối tượng bảo hiểm,@KBTT_DoiTuongBH,
22,Giờ tổn thất,@KBTT_GioTonThat,
23,Ngày tổn thất,@KBTT_NgayTonThat,
24,Địa điểm tổn thất,@KBTT_DiaDiemTonThat,
25,Ước lượng tổn thất,@KBTT_UocLuongTonThat,
26,Nguyên nhân sơ bộ,@KBTT_NguyenNhanSoBo,
27,Mã tiền tệ,@KBTT_MaTienTe,
28,Tiến trình hồ sơ,@TienTrinh_TenDanhMuc,
29,Trạng thái hồ sơ,@TrangThai_TenDanhMuc,
