﻿Order,Label,Key,Parent
1,Người thụ hưởng bảo hiểm,@BCTT_NguoiThuHuongBH,
2,Số hợp đồng,@BCTT_SoHopDong,
3,Ngày bắt đầu bảo hiểm,@BCTT_NgayBatDauBH,
4,Ngày kết thúc bảo hiểm,@BCTT_NgayKetThucBH,
5,Đối tượng được bảo hiểm,@BCTT_DoiTuongDuocBH,
6,Ngày xảy ra tổn thất,@BCTT_NgayXayRaTonThat,
7,Giờ xảy ra tổn thất,@BCTT_GioXayRaTonThat,
8,Địa điểm tổn thất,@BCTT_DiaDiemTonThat,
9,Ngày tiếp nhận tổn thất,@BCTT_NgayTiepNhanTonThat,
10,Giờ tiếp nhận tổn thất,@BCTT_GioTiepNhanTonThat,
11,Nguyên nhân sơ bộ,@BCTT_NguyenNhanSoBo,
12,Ước lượng tổn thất,@BCTT_UocLuongTonThat,
13,Mã tiền tệ ước lượng tổn thất,@BCTT_MaTienTeUocLuong,
14,Ngày lập,@BCGD_NgayLap,
15,Mã báo cáo,@BCGD_MaBaoCao,
16,Tên báo cáo,@BCGD_TenBaoCao,
17,Diễn biến sự cố,@BCGD_DienBienSuCo,
18,Hiện trạng và mức độ tổn thất,@BCGD_HienTrangVaMucDoTonThat,
19,Phân tích, đánh giá nguyên nhân sự cố,@BCGD_PhanTichDanhGiaNguyenNhanSuCo,
20,Phạm vi trách nhiệm của HĐBH,@BCGD_PhamViTrachNhiemCuaHDBH,
21,Chi phí hợp lý KPTT của HĐBH,@BCGD_ChiPhiHopLyKPTTCuaHDBH,
22,Phế liệu,@BCGD_PheLieu,
23,Thu đòi bên thứ 3,@BCGD_ThuDoiBenThuBa,
24,Bảo hiểm khác,@BCGD_BaoHiemKhac,
25,Đề xuất số tiền bồi thường,@BCGD_DeXuatSoTienBoiThuong,
26,Danh sách đề xuất bồi thường,@BCGD_DanhSachDeXuatBoiThuong,
27,Tên sản phẩm bảo hiểm,@DSDX_TenSanPham,@BCGD_DanhSachDeXuatBoiThuong
28,Loại tiền,@DSDX_LoaiTien,@BCGD_DanhSachDeXuatBoiThuong
29,Tỷ giá,@DSDX_TyGia,@BCGD_DanhSachDeXuatBoiThuong
30,Số tiền bồi thường/tạm ứng được chấp nhận,@DSDX_SoTienBoiThuongChapNhan,@BCGD_DanhSachDeXuatBoiThuong
31,Chế tài (Nguyên tệ),@DSDX_CheTaiNguyenTe,@BCGD_DanhSachDeXuatBoiThuong
32,Khấu trừ (Nguyên tệ),@DSDX_KhauTruNguyenTe,@BCGD_DanhSachDeXuatBoiThuong
33,Thanh lý tài sản (Nguyên tệ),@DSDX_ThanhLyTaiSanNguyenTe,@BCGD_DanhSachDeXuatBoiThuong
34,Thu đòi bên thứ 3 (Nguyên tệ),@DSDX_ThuDoiBenThu3NguyenTe,@BCGD_DanhSachDeXuatBoiThuong
35,Số tiền bồi thường (Nguyên tệ),@DSDX_SoTienBoiThuongNguyenTe,@BCGD_DanhSachDeXuatBoiThuong
36,Đề xuất bồi thường/tạm ứng (Nguyên tệ),@DSDX_DeXuatBoiThuongNguyenTe,@BCGD_DanhSachDeXuatBoiThuong
37,Đề xuất bồi thường/tạm ứng (VNĐ),@DSDX_DeXuatBoiThuongTamUngVND,@BCGD_DanhSachDeXuatBoiThuong
38,Ước bồi thường còn lại (Nguyên tệ),@DSDX_UocBoiThuongConLaiNguyenTe,@BCGD_DanhSachDeXuatBoiThuong
39,Ước bồi thường còn lại (VNĐ),@DSDX_UocBoiThuongConLaiVND,@BCGD_DanhSachDeXuatBoiThuong
