﻿Order,Label,Key,Parent
1,Họ và tên người nhận,@NguoiNhan_HoTen,
2,Địa chỉ người nhận,@NguoiNhan_DiaChi,
3,Số điện thoại người nhận,@NguoiNhan_DienThoai,
4,Căn cước công dân người nhận,@NguoiNhan_CCCD,
5,Đơn vị người nhận,@NguoiNhan_DonVi,
6,Doanh nghiệp/Công ty của người nhận,@NguoiNhan_DoanhNghiep,
7,Mã số thuế người nhận,@NguoiNhan_MaSoThue,
8,Tỉ lệ đồng bảo hiểm (Với nhà đồng),@NguoiNhan_TiLeDongBH,
9,Tỉ lệ tái bảo hiểm (Với nhà tái),@NguoiNhan_TiLeTaiBH,
10,Link chi tiết báo cáo tổn thất,@BCTT_LinkChiTiet,
11,Mã báo cáo tổn thất,@BCTT_MaBCTT,
12,Ngày lập báo cáo,@BCTT_NgayLapBaoCao,
13,Tên tổn thất,@HSBT_TenTonThat,
14,Người thụ hưởng bảo hiểm,@BCTT_NguoiThuHuongBH,
15,Số đơn bảo hiểm,@BCTT_SoDonBH,
16,Số đơn sửa đổi bổ sung,@BCTT_SoDonSDBS,
17,Bảo hành mở rộng,@BCTT_BaoHanhMoRong,
18,Thời hạn hồi tối,@BCTT_ThoiHanHoiTo,
19,Ngày bắt đầu bảo hiểm,@BCTT_NgayBatDauBH,
20,Ngày kết thúc bảo hiểm,@BCTT_NgayKetThucBH,
21,Số lần tổn thất trong thời hạn của Đơn/ HĐBH không tính các lần bị từ chối BT,@BCTT_SoLanTonThat,
22,Tổng số phí bảo hiểm,@BCTT_TongPhiBH,
23,Tổng số phí bảo hiểm thực nộp,@BCTT_TongPhiThucNop,
24,Tình trạng nộp phí,@BCTT_TinhTrangNopPhi,
25,Trạng thái nộp phí,@BCTT_TrangThaiNopPhi,
26,Mã sự kiện tổn thất,@BCTT_MaSKTT,
27,Tên sự kiện tổn thất,@BCTT_TenSKTT,
28,Địa chỉ liên hệ,@BCTT_DiaChiLienHe,
29,Số hợp đồng,@BCTT_SoHopDong,
30,Đối tượng được bảo hiểm,@BCTT_DoiTuongDuocBH,
31,Mã đơn vị cấp đơn,@KBTT_MaDonViCapDon,
32,Tên đơn vị cấp đơn,@KBTT_TenDonViCapDon,
33,Mã nghiệp vụ bảo hiểm,@BCTT_MaNghiepVuBaoHiem,
34,Mã nghiệp vụ bảo hiểm,@BCTT_TenNghiepVuBaoHiem,
35,Mã ban cấp đơn,@BCTT_MaBanCapDon,
36,Mã phòng cấp đơn,@BCTT_MaPhongCapDon,
37,Mã khách hàng,@BCTT_MaKhachHang,
38,Đối tượng tổn thất,@HSBT_DoiTuongTonThat,
39,Mã hồ sơ bồi thường,@HSBT_MaHoSoBoiThuong,
40,Mã tỉnh thành xảy ra tổn thất,@BCTT_MaTinhXayRaTonThat,
41,Tên tỉnh thành xảy ra tổn thất,@BCTT_TenTinhXayRaTonThat,
42,Địa điểm tổn thất,@HSBT_DiaDiemTonThat,
43,Ngày tiếp nhận tổn thất,@BCTT_NgayTiepNhanTonThat,
44,Giờ tiếp nhận tổn thất,@BCTT_GioTiepNhanTonThat,
45,Ngày xảy ra tổn thất,@HSBT_NgayXayRaTonThat,
46,Giờ xảy ra tổn thất,@HSBT_GioXayRaTonThat,
47,Ước lượng tổn thất,@BCTT_UocLuongTonThat,
48,Nguyên nhân sơ bộ,@HSBT_NguyenNhanSoBo,
49,Mã tiền tệ ước lượng tổn thất,@BCTT_MaTienTeUocLuong,
50,Mã tiền tệ Tổng số phí bảo hiểm,@BCTT_MaTienTeTongPhiBH,
51,Mã tiền tệ tổng phí bảo hiểm thực nộp,@BCTT_MaTienTeTongPhiBHThucNop,
52,Đơn có Tái fronting hay không?,@BCTT_TaiFronting,
53,Loại hình tổn thất,@BCTT_LoaiHinhTonThat,
54,Đơn có Ri,@BCTT_DonCoRI,
55,Mã phương án giám định,@PAGD_MaPhuongAn,
56,Loại phương án giám định,@PAGD_LoaiPhuongAn,
57,Đơn vị giám định,@PAGD_CongTyGiamDinh,
58,Giám đốc Công ty giám định,@PAGD_GiamDocCongTyGiamDinh,
59,Số điện thoại Công ty giám định,@PAGD_SoDienThoaiCongTyGiamDinh,
60,Email công ty giám định,@PAGD_EmailCongTyGiamDinh,
61,Địa chỉ công ty giám định,@PAGD_DiaChiCongTyGiamDinh,
62,Hạng mục yêu cầu giám định,@PAGD_HangMucYeuCauGiamDinh,
63,Lý do chỉ định,@PAGD_LyDoChiDinh,
64,Phương thức Tái,@PAGD_PhuongThucTai,
65,Danh sách giám định viên,@PAGD_DanhSachGiamDinhVien,
66,Tên giám định viên,@PAGD_DSGDV_TenGiamDinhVien,@PAGD_DanhSachGiamDinhVien
67,Email giám định viên,@PAGD_DSGDV_Email,@PAGD_DanhSachGiamDinhVien
68,Số điện thoại giám định viên,@PAGD_DSGDV_SoDienThoai,@PAGD_DanhSachGiamDinhVien
69,Chức danh giám định viên,@PAGD_DSGDV_ChucDanh,@PAGD_DanhSachGiamDinhVien
70,Danh sách chuyên gia,@PAGD_DanhSachChuyenGia,
71,Tên chuyên gia,@PAGD_DSCG_TenChuyenGia,@PAGD_DanhSachChuyenGia
72,Loại tiền thuê chuyên gia,@PAGD_DSCG_LoaiTien,@PAGD_DanhSachChuyenGia
73,Tỷ giá thuê chuyên gia,@PAGD_DSCG_TyGiaThueChuyenGia,@PAGD_DanhSachChuyenGia
74,Nguyên tệ thuê chuyên gia,@PAGD_DSCG_NguyenTePhiChuyenGia,@PAGD_DanhSachChuyenGia
75,Số tiền quy đổi,@PAGD_DSCG_SoTienQuyDoiChuyenGia,@PAGD_DanhSachChuyenGia
76,Email chuyên gia,@PAGD_DSCG_Email,@PAGD_DanhSachChuyenGia
77,Số điện thoại chuyên gia,@PAGD_DSCG_SoDienThoai,@PAGD_DanhSachChuyenGia
78,Danh sách nhà đồng bảo hiểm,@BCTT_DanhSachNhaDong,
79,Tên nhà đồng bảo hiểm,@BCTT_DSND_TenNhaDong,@BCTT_DanhSachNhaDong
80,Vai trò đồng bảo hiểm,@BCTT_DSND_VaiTroDong,@BCTT_DanhSachNhaDong
81,Tỉ lệ đồng,@BCTT_DSND_TiLeDong,@BCTT_DanhSachNhaDong
82,Tỉ lệ tái hộ đồng,@BCTT_DSND_TiLeTaiHoDong,@BCTT_DanhSachNhaDong
83,Liên hệ,@BCTT_DSND_LienHe,@BCTT_DanhSachNhaDong
84,Số điện thoại,@BCTT_DSND_SoDienThoai,@BCTT_DanhSachNhaDong
85,Email,@BCTT_DSND_Email,@BCTT_DanhSachNhaDong
86,Danh sách nhà tái bảo hiểm,@BCTT_DanhSachNhaTai,
87,Phương thức tái,@BCTT_DSNT_PhuongThucTai,@BCTT_DanhSachNhaTai
88,Tên nhà tái bảo hiểm,@BCTT_DSNT_TenNhaTai,@BCTT_DanhSachNhaTai
89,Tái Leader,@BCTT_DSNT_TaiLeader,@BCTT_DanhSachNhaTai
90,Nhà tái follower,@BCTT_DSNT_NhaTaiFollower,@BCTT_DanhSachNhaTai
91,Tỉ lệ tái theo đơn,@BCTT_DSNT_TiLeTaiTheoDon,@BCTT_DanhSachNhaTai
92,Tỉ lệ Tái theo HĐ TBH,@BCTT_DSNT_TiLeTaiTheoHDTBH,@BCTT_DanhSachNhaTai
93,Liên hệ,@BCTT_DSNT_LienHe,@BCTT_DanhSachNhaTai
94,Số điện thoại,@BCTT_DSNT_SoDienThoai,@BCTT_DanhSachNhaTai
95,Email,@BCTT_DSNT_Email,@BCTT_DanhSachNhaTai
