﻿Order,Label,Key,Parent
1,Tên tổn thất,@HSBT_TenTonThat,
2,Số hợp đồng,@BCTT_SoHopDong,
3,Số đơn bảo hiểm,@BCTT_SoDonBH,
4,Số đơn sửa đổi bổ sung,@BCTT_SoDonSDBS,
5,Tên khách hàng,@BCTT_TenKhachHang,
6,Người thụ hưởng bảo hiểm,@BCTT_NguoiThuHuongBH,
7,Đối tượng được bảo hiểm,@BCTT_DoiTuongDuocBH,
8,Địa chỉ người được bảo hiểm (Địa chỉ liên hệ),@BCTT_DiaChiLienHe,
9,Ước lượng tổn thất,@BCTT_UocLuongTonThat,
10,Mã tiền tệ ước lượng tổn thất,@BCTT_MaTienTeUocLuong,
11,Mã nghiệp vụ bảo hiểm,@BCTT_TenNghiepVuBaoHiem,
12,COI/COE,@BCTT_COI_COE,
13,Bảo hành mở rộng,@BCTT_BaoHanhMoRong,
14,Ngày bắt đầu bảo hiểm,@BCTT_NgayBatDauBH,
15,Ngày kết thúc bảo hiểm,@BCTT_NgayKetThucBH,
16,Ngày tiếp nhận tổn thất,@BCTT_NgayTiepNhanTonThat,
17,Tên sự kiện tổn thất,@BCTT_TenSKTT,
18,Tên tỉnh thành xảy ra tổn thất,@BCTT_TenTinhXayRaTonThat,
19,Đối tượng tổn thất,@BCTT_DoiTuongTonThat,
20,Tên hội đồng,@HDTL_TenHoiDong,
21,Số tiền trúng giá,@KQDG_SoTienTrungGia,
22,Đơn vị đấu giá được duyệt,@KQTL_DonViDuocDuyet,
23,Mã tờ trình đấu giá,@TTDG_MaToTrinh,
24,Chi phí thẩm định giá,@KQTL_ChiPhiThamDinhGia,
25,Chi phí đấu giá,@KQTL_ChiPhiDauGia,
26,Chi phí khác,@KQTL_ChiPhiKhac,
27,Số tiền thanh lý,@KQTL_SoTienThanhLy,
28,Số tiền thanh lý cuối,@KQTL_SoTienThanhLyCuoi,
29,Danh sách nhà đồng,@PATT_DanhSachDongBH,
30,Tên nhà đồng,@PATT_DSND_TenNhaDong,@PATT_DanhSachDongBH
31,Vai trò đồng bảo hiểm,@PATT_DSND_VaiTro,@PATT_DanhSachDongBH
32,Tỷ lệ đồng,@PATT_DSND_TyLeDong,@PATT_DanhSachDongBH
33,Tỷ lệ tái hộ đồng,@PATT_DSND_TyLeTaiHoDong,@PATT_DanhSachDongBH
34,Số tiền phải trả,@PATT_DSND_SoTien,@PATT_DanhSachDongBH
35,Danh sách nhà tái,@PATT_DanhSachTaiBH,
36,Tên nhà tái,@PATT_DSND_TenNhaTai,@PATT_DanhSachTaiBH
37,Vai trò tái bảo hiểm,@PATT_DSND_VaiTro,@PATT_DanhSachTaiBH
38,Tỷ lệ đồng,@PATT_DSND_TyLeTai,@PATT_DanhSachTaiBH
39,Số tiền phải trả,@PATT_DSND_SoTien,@PATT_DanhSachTaiBH
