﻿Order,Label,Key,Parent
1,Tên tờ trình,@TTTDNT3_TenToTrinh,
2,Tên người thứ 3,@TTTDNT3_TenNguoiThuBa,
3,Số đơn bảo hiểm,@BCTT_SoDonBH,
4,Số đơn sửa đổi bổ sung,@BCTT_SoDonSDBS,
5,Số hồ sơ bồi thường,@HSBT_SoHSBT,
6,Tóm tắt vụ việc,@TTTDNT3_TomTatVuViec,
7,Nguyên nhân sự cố,@TTTDNT3_NguyenNhanSuCo,
8,Kết luận trách nhiệm và phạm vi bảo hiểm,@TTTDNT3_KetLuanTrachNhiem,
9,Đề xuất số tiền thuộc phạm vi bảo hiểm,@TTTDNT3_DeXuatBoiThuong,
10,Đề xuất phương án trả tiền thu đòi NT3,@TTTDNT3_DeXuatPhuongAnTraTien,
11,Tổng thiệt hại được tính toán (Nguyên tệ(,@TTTDNT3_TongThietHai,
12,Loại tiền (của tổng thiệt hại nguyên tệ),@TTTDNT3_MaTienTeNguyenTe,
13,Tỷ giá,@TTTDNT3_TyGia,
14,Tổng thiệt hại được tính toán (VNĐ),@TTTDNT3_TongThietHaiTinhToan,
15,Căn cứ vào,@CVTDNT3_TongTienThuDoi,
16,Căn cứ vào,@TTTD_DanhSachHangMuc,
17,Mã sản phẩm,@TTTD_DSHM_MaSanPham,@TTTD_DanhSachHangMuc
18,Mã tiền tệ bồi thường,@TTTD_DSHM_MaTienTeBoiThuong,@TTTD_DanhSachHangMuc
19,Tỷ giá bồi thường,@TTTD_DSHM_TyGiaBoiThuong,@TTTD_DanhSachHangMuc
20,Số tiền thu đòi (nguyên tệ),@TTTD_DSHM_SoTienThuDoiNguyenTe,@TTTD_DanhSachHangMuc
21,Số tiền thu đòi (VNĐ),@TTTD_DSHM_SoTienThuDoiVND,@TTTD_DanhSachHangMuc
