﻿Order,Label,Key,Parent
1,Tên đơn vị cấp đơn,@KBTT_TenDonViCapDon,
2,Tên ban cấp đơn,@KBTT_TenBanCapDon,
3,Tên phòng cấp đơn,@KBTT_TenPhongCapDon,
4,Tên đơn vị giải quyết khiếu nại,@KBTT_TenDonViGqkn,
5,Tên ban giải quyết khiếu nại,@KBTT_TenBanGqkn,
6,Tên phòng giải quyết khiếu nại,@KBTT_TenPhongGqkn,
7,Số hợp đồng,@BCTT_SoHopDong,
8,Số đơn bảo hiểm,@BCTT_SoDonBH,
9,Số đơn sửa đổi bổ sung,@BCTT_SoDonSDBS,
10,Số hồ sơ bồi thường,@HSBT_SoHoSoBoiThuong,
11,Người được bảo hiểm (Khách hàng),@BCTT_TenKhachHang,
12,Người thụ hưởng bảo hiểm,@BCTT_NguoiThuHuongBH,
13,Địa chỉ liên hệ,@BCTT_DiaChiLienHe,
14,Tình trạng nộp phí,@BCTT_TinhTrangNopPhi,
15,Trạng thái nộp phí,@BCTT_TrangThaiNopPhi,
16,Ngày bắt đầu bảo hiểm,@BCTT_NgayBatDauBH,
17,Ngày kết thúc bảo hiểm,@BCTT_NgayKetThucBH,
18,Ngày xảy ra tổn thất,@HSBT_NgayXayRaTonThat,
19,Giờ xảy ra tổn thất,@HSBT_GioXayRaTonThat,
20,Tên tỉnh thành xảy ra tổn thất,@BCTT_TenTinhXayRaTonThat,
21,Địa điểm tổn thất,@HSBT_DiaDiemTonThat,
22,Đối tượng tổn thất,@HSBT_DoiTuongTonThat,
23,Mã tờ trình,@BT_PABT_MaToTrinh,
24,Tên tờ trình,@BT_PABT_TenToTrinh,
25,Loại tờ trình,@BT_PABT_LoaiToTrinh,
26,Loại phương án,@BT_PABT_LoaiPhuongAn,
27,Tóm tắt vụ việc,@BT_PABT_TomTat,
28,Lý do,@BT_PABT_LyDo,
29,Nguyên nhân,@BT_PABT_NguyenNhan,
30,Kết luận,@BT_PABT_KetLuan,
31,Phương án giải quyết,@BT_PABT_PhuongAnGiaiQuyet,
32,Thu đòi người thứ 3,@BT_PABT_ThuDoiNT3,
33,Phế liệu,@BT_PABT_PheLieu,
34,Diễn giải kiến nghị, tính toán,@BT_PABT_KienNghi,
35,Diễn giải thu đòi tái bảo hiểm,@BT_PABT_DienGiaiTaiBaoHiem,
36,Diễn giải thu đòi đồng bảo hiểm,@BT_PABT_DienGiaiDongBaoHiem,
37,Công ty giám định,@BT_PABT_CongTyGiamDinh,
38,Tổng mức trách nhiệm (Nguyên tệ),@BT_PABT_TongMucTrachNhiemNguyenTe,
39,Tổng mức trách nhiệm (VNĐ),@BT_PABT_TongMucTrachNhiemVND,
40,Bảng tổng hợp số liệu,@BT_PABT_BangTongHopSoLieu,
41,Tổng số tiền yêu cầu bồi thường (Nguyên tệ),@BT_PABT_TongYcbtNguyenTe,
42,Tổng số tiền đề xuất BTTU (Nguyên tệ),@BT_PABT_TongDeXuatBttuNguyenTe,
