﻿Order,Label,Key,Parent
1,Tên đơn vị cấp đơn,@KBTT_TenDonViCapDon,
2,Tên ban cấp đơn,@KBTT_TenBanCapDon,
3,Tên phòng cấp đơn,@KBTT_TenPhongCapDon,
4,Tên đơn vị giải quyết khiếu nại,@KBTT_TenDonViGqkn,
5,Tên ban cấp đơn,@KBTT_TenBanGqkn,
6,Tên phòng cấp đơn,@KBTT_TenPhongGqkn,
7,Số hợp đồng,@BCTT_SoHopDong,
8,Số đơn bảo hiểm,@BCTT_SoDonBH,
9,Số đơn sửa đổi bổ sung,@BCTT_SoDonSDBS,
10,Số hồ sơ bồi thường,@HSBT_SoHoSoBoiThuong,
11,Người được bảo hiểm (Khách hàng),@BCTT_TenKhachHang,
12,Người thụ hưởng bảo hiểm,@BCTT_NguoiThuHuongBH,
13,Địa chỉ liên hệ,@BCTT_DiaChiLienHe,
14,Tình trạng nộp phí,@BCTT_TinhTrangNopPhi,
15,Trạng thái nộp phí,@BCTT_TrangThaiNopPhi,
16,Ngày bắt đầu bảo hiểm,@BCTT_NgayBatDauBH,
17,Ngày kết thúc bảo hiểm,@BCTT_NgayKetThucBH,
18,Ngày xảy ra tổn thất,@HSBT_NgayXayRaTonThat,
19,Giờ xảy ra tổn thất,@HSBT_GioXayRaTonThat,
20,Tên tỉnh thành xảy ra tổn thất,@BCTT_TenTinhXayRaTonThat,
21,Địa điểm tổn thất,@HSBT_DiaDiemTonThat,
22,Đối tượng tổn thất,@HSBT_DoiTuongTonThat,
23,Tổng số tiền khiếu nại,@BT_TTPGD_TongSoTienKhieuNai,
24,Mã tờ trình,@BT_TTPGD_MaToTrinh,
25,Tên tờ trình,@BT_TTPGD_TenToTrinh,
26,Loại tờ trình,@BT_TTPGD_LoaiToTrinh,
27,Loại phương án,@BT_TTPGD_LoaiPhuongAn,
28,Lý do,@BT_TTPGD_LyDo,
29,Nguyên nhân,@BT_TTPGD_NguyenNhan,
30,Kết luận,@BT_TTPGD_KetLuan,
31,Phương án giải quyết,@BT_TTPGD_PhuongAnGiaiQuyet,
32,Phương án thu đòi,@BT_TTPGD_PhuongAnThuDoi,
33,Phương án thu hồi,@BT_TTPGD_PhuongAnThuHoi,
34,Kiến nghị,@BT_TTPGD_TinhHinhGiaiQuyet,
35,Diễn giải thu đòi tái bảo hiểm,@BT_TTPGD_DienGiaiTaiBaoHiem,
36,Diễn giải thu đòi đồng bảo hiểm,@BT_TTPGD_DienGiaiDongBaoHiem,
37,Danh sách mã yêu cầu thanh toán (Rút gọn),@BT_TTPGD_DanhSachYCTT_RutGon,
38,Danh sách đơn vị giám định (Rút gọn),@BT_TTPGD_DanhSachDVGD_RutGon,
39,Tổng tiền yêu cầu thanh toán (Nguyên tệ),@BT_TTPGD_TongTienYCTTNguyenTe,
40,Tổng tiền yêu cầu thanh toán (Nguyên tệ),@BT_TTPGD_TongTienYCTTNguyenTe,
41,Tổng tiền PVI đề xuất (Nguyên tệ),@BT_TTPGD_TongTienPVIDeXuatNguyenTe,
42,Tổng phí giám định - Thu đòi nhà đồng (Nguyên tệ),@BT_TTPGD_TongThuDoiPGDDongBH,
43,Tổng phí thuê chuyên gia - Thu đòi nhà đồng (Nguyên tệ),@BT_TTPGD_TongThuDoiTCGDongBH,
44,Tổng phí giám định - Thu đòi nhà tái (Nguyên tệ),@BT_TTPGD_TongThuDoiPGDTaiBH,
45,Tổng phí thuê chuyên gia - Thu đòi nhà tái (Nguyên tệ),@BT_TTPGD_TongThuDoiTCGTaiBH,
