﻿Order,Label,Key,Parent
1,Mã công văn,@CVTDNT3_MaCongVan,
2,Tên công văn,@CVTDNT3_TenCongVan,
3,Tên người thứ 3,@CVTDNT3_TenNguoiThuBa,
4,Tóm tắt vụ việc,@CVTDNT3_TomTatVuViec,
5,Căn cứ vào,@CVTDNT3_CanCuVao,
6,Tổng tiền thu đòi,@CVTDNT3_TongTienThuDoi,
7,Căn cứ vào,@CVTD_DanhSachHangMuc,
8,Mã sản phẩm,@CVTD_DSHM_MaSanPham,@CVTD_DanhSachHangMuc
9,Mã tiền tệ bồi thường,@CVTD_DSHM_MaTienTeBoiThuong,@CVTD_DanhSachHangMuc
10,Tỷ giá bồi thường,@CVTD_DSHM_TyGiaBoiThuong,@CVTD_DanhSachHangMuc
11,Số tiền thu đòi (nguyên tệ),@CVTD_DSHM_SoTienThuDoiNguyenTe,@CVTD_DanhSachHangMuc
12,Số tiền thu đòi (VNĐ),@CVTD_DSHM_SoTienThuDoiVND,@CVTD_DanhSachHangMuc
