﻿Order,Label,Key,Parent
1,Họ và tên người nhận,@NguoiNhan_HoTen,
2,Địa chỉ người nhận,@NguoiNhan_DiaChi,
3,Số điện thoại người nhận,@NguoiNhan_DienThoai,
4,Căn cước công dân người nhận,@NguoiNhan_CCCD,
5,Đơn vị người nhận,@NguoiNhan_DonVi,
6,Doanh nghiệp/Công ty của người nhận,@NguoiNhan_DoanhNghiep,
7,Mã số thuế người nhận,@NguoiNhan_MaSoThue,
8,Tỉ lệ đồng bảo hiểm (Với nhà đồng),@NguoiNhan_TiLeDongBH,
9,Tỉ lệ tái bảo hiểm (Với nhà tái),@NguoiNhan_TiLeTaiBH,
10,Người liên hệ,@KBTT_NguoiLienHe,
11,Địa chỉ liên hệ khách hàng,@KBTT_DiaChiLienHe,
12,Email liên hệ khách hàng,@KBTT_EmailLienHe,
13,Điện thoại liên hệ khách hàng,@KBTT_DienThoaiLienHe,
14,Link chi tiết báo cáo tổn thất,@BCTT_LinkChiTiet,
15,Mã báo cáo tổn thất,@BCTT_MaBCTT,
16,Ngày lập báo cáo,@BCTT_NgayLapBaoCao,
17,Tên tổn thất,@HSBT_TenTonThat,
18,Người thụ hưởng bảo hiểm,@BCTT_NguoiThuHuongBH,
19,Số đơn bảo hiểm,@BCTT_SoDonBH,
20,Số đơn sửa đổi bổ sung,@BCTT_SoDonSDBS,
21,Bảo hành mở rộng,@BCTT_BaoHanhMoRong,
22,Thời hạn hồi tối,@BCTT_ThoiHanHoiTo,
23,Ngày bắt đầu bảo hiểm,@BCTT_NgayBatDauBH,
24,Ngày kết thúc bảo hiểm,@BCTT_NgayKetThucBH,
25,Số lần tổn thất trong thời hạn của Đơn/ HĐBH không tính các lần bị từ chối BT,@BCTT_SoLanTonThat,
26,Tổng số phí bảo hiểm,@BCTT_TongPhiBH,
27,Tổng số phí bảo hiểm thực nộp,@BCTT_TongPhiThucNop,
28,Tình trạng nộp phí,@BCTT_TinhTrangNopPhi,
29,Trạng thái nộp phí,@BCTT_TrangThaiNopPhi,
30,Mã sự kiện tổn thất,@BCTT_MaSKTT,
31,Tên sự kiện tổn thất,@BCTT_TenSKTT,
32,Địa chỉ liên hệ,@BCTT_DiaChiLienHe,
33,Số hợp đồng,@BCTT_SoHopDong,
34,Đối tượng được bảo hiểm,@BCTT_DoiTuongDuocBH,
35,Mã đơn vị cấp đơn,@KBTT_MaDonViCapDon,
36,Tên đơn vị cấp đơn,@KBTT_TenDonViCapDon,
37,Mã đơn vị giải quyết khiếu nại,@KBTT_MaDonViGqkn,
38,Tên đơn vị giải quyết khiếu nại,@KBTT_TenDonViGqkn,
39,Mã nghiệp vụ bảo hiểm,@BCTT_MaNghiepVuBaoHiem,
40,Mã nghiệp vụ bảo hiểm,@BCTT_TenNghiepVuBaoHiem,
41,Mã ban cấp đơn,@BCTT_MaBanCapDon,
42,Mã phòng cấp đơn,@BCTT_MaPhongCapDon,
43,Mã khách hàng,@BCTT_MaKhachHang,
44,Tên khách hàng,@BCTT_TenKhachHang,
45,Đối tượng tổn thất,@HSBT_DoiTuongTonThat,
46,Mã hồ sơ bồi thường,@HSBT_MaHoSoBoiThuong,
47,Mã tỉnh thành xảy ra tổn thất,@BCTT_MaTinhXayRaTonThat,
48,Tên tỉnh thành xảy ra tổn thất,@BCTT_TenTinhXayRaTonThat,
49,Địa điểm tổn thất,@HSBT_DiaDiemTonThat,
50,Ngày tiếp nhận tổn thất,@BCTT_NgayTiepNhanTonThat,
51,Giờ tiếp nhận tổn thất,@BCTT_GioTiepNhanTonThat,
52,Ngày xảy ra tổn thất,@HSBT_NgayXayRaTonThat,
53,Giờ xảy ra tổn thất,@HSBT_GioXayRaTonThat,
54,Ước lượng tổn thất,@BCTT_UocLuongTonThat,
55,Nguyên nhân sơ bộ,@HSBT_NguyenNhanSoBo,
56,Mã tiền tệ ước lượng tổn thất,@BCTT_MaTienTeUocLuong,
57,Mã tiền tệ Tổng số phí bảo hiểm,@BCTT_MaTienTeTongPhiBH,
58,Mã tiền tệ tổng phí bảo hiểm thực nộp,@BCTT_MaTienTeTongPhiBHThucNop,
59,Đơn có Tái fronting hay không?,@BCTT_TaiFronting,
60,Loại hình tổn thất,@BCTT_LoaiHinhTonThat,
61,Đơn có Ri,@BCTT_DonCoRI,
62,Mã phương án giám định,@PAGD_MaPhuongAn,
63,Loại phương án giám định,@PAGD_LoaiPhuongAn,
64,Đơn vị giám định,@PAGD_CongTyGiamDinh,
65,Giám đốc Công ty giám định,@PAGD_GiamDocCongTyGiamDinh,
66,Số điện thoại Công ty giám định,@PAGD_SoDienThoaiCongTyGiamDinh,
67,Email công ty giám định,@PAGD_EmailCongTyGiamDinh,
68,Địa chỉ công ty giám định,@PAGD_DiaChiCongTyGiamDinh,
69,Hạng mục yêu cầu giám định,@PAGD_HangMucYeuCauGiamDinh,
70,Lý do chỉ định,@PAGD_LyDoChiDinh,
71,Phương thức Tái,@PAGD_PhuongThucTai,
72,Danh sách giám định viên,@PAGD_DanhSachGiamDinhVien,
73,Tên giám định viên,@PAGD_DSGDV_TenGiamDinhVien,@PAGD_DanhSachGiamDinhVien
74,Email giám định viên,@PAGD_DSGDV_Email,@PAGD_DanhSachGiamDinhVien
75,Số điện thoại giám định viên,@PAGD_DSGDV_SoDienThoai,@PAGD_DanhSachGiamDinhVien
76,Chức danh giám định viên,@PAGD_DSGDV_ChucDanh,@PAGD_DanhSachGiamDinhVien
77,Danh sách chuyên gia,@PAGD_DanhSachChuyenGia,
78,Tên chuyên gia,@PAGD_DSCG_TenChuyenGia,@PAGD_DanhSachChuyenGia
79,Loại tiền thuê chuyên gia,@PAGD_DSCG_LoaiTien,@PAGD_DanhSachChuyenGia
80,Tỷ giá thuê chuyên gia,@PAGD_DSCG_TyGiaThueChuyenGia,@PAGD_DanhSachChuyenGia
81,Nguyên tệ thuê chuyên gia,@PAGD_DSCG_NguyenTePhiChuyenGia,@PAGD_DanhSachChuyenGia
82,Số tiền quy đổi,@PAGD_DSCG_SoTienQuyDoiChuyenGia,@PAGD_DanhSachChuyenGia
83,Email chuyên gia,@PAGD_DSCG_Email,@PAGD_DanhSachChuyenGia
84,Số điện thoại chuyên gia,@PAGD_DSCG_SoDienThoai,@PAGD_DanhSachChuyenGia
85,Danh sách nhà đồng bảo hiểm,@BCTT_DanhSachNhaDong,
86,Tên nhà đồng bảo hiểm,@BCTT_DSND_TenNhaDong,@BCTT_DanhSachNhaDong
87,Vai trò đồng bảo hiểm,@BCTT_DSND_VaiTroDong,@BCTT_DanhSachNhaDong
88,Tỉ lệ đồng,@BCTT_DSND_TiLeDong,@BCTT_DanhSachNhaDong
89,Tỉ lệ tái hộ đồng,@BCTT_DSND_TiLeTaiHoDong,@BCTT_DanhSachNhaDong
90,Liên hệ,@BCTT_DSND_LienHe,@BCTT_DanhSachNhaDong
91,Số điện thoại,@BCTT_DSND_SoDienThoai,@BCTT_DanhSachNhaDong
92,Email,@BCTT_DSND_Email,@BCTT_DanhSachNhaDong
93,Danh sách nhà tái bảo hiểm,@BCTT_DanhSachNhaTai,
94,Phương thức tái,@BCTT_DSNT_PhuongThucTai,@BCTT_DanhSachNhaTai
95,Tên nhà tái bảo hiểm,@BCTT_DSNT_TenNhaTai,@BCTT_DanhSachNhaTai
96,Tái Leader,@BCTT_DSNT_TaiLeader,@BCTT_DanhSachNhaTai
97,Nhà tái follower,@BCTT_DSNT_NhaTaiFollower,@BCTT_DanhSachNhaTai
98,Tỉ lệ tái theo đơn,@BCTT_DSNT_TiLeTaiTheoDon,@BCTT_DanhSachNhaTai
99,Tỉ lệ Tái theo HĐ TBH,@BCTT_DSNT_TiLeTaiTheoHDTBH,@BCTT_DanhSachNhaTai
100,Liên hệ,@BCTT_DSNT_LienHe,@BCTT_DanhSachNhaTai
101,Số điện thoại,@BCTT_DSNT_SoDienThoai,@BCTT_DanhSachNhaTai
102,Email,@BCTT_DSNT_Email,@BCTT_DanhSachNhaTai
103,Danh sách mức trách nhiệm (Rút gọn),@BCTT_MucTrachNhiem_RutGon,
104,Danh sách mức khấu trừ (Rút gọn),@BCTT_MucKhauTru_RutGon,
105,Thành phố bộ phận/đơn vị GQKN,@KBTT_TpBoPhanGqkn,
106,Chữ ký tờ trình (theo đơn vị GQKN),@PAGD_ChuKyToTrinh,
