﻿Order,Label,Key,Parent
1,Tên tổn thất,@HSBT_TenTonThat,
2,Số hợp đồng,@BCTT_SoHopDong,
3,Số đơn bảo hiểm,@BCTT_SoDonBH,
4,Số đơn sửa đổi bổ sung,@BCTT_SoDonSDBS,
5,Tên khách hàng,@BCTT_TenKhachHang,
6,Người thụ hưởng bảo hiểm,@BCTT_NguoiThuHuongBH,
7,Đối tượng được bảo hiểm,@BCTT_DoiTuongDuocBH,
8,Địa chỉ người được bảo hiểm (Địa chỉ liên hệ),@BCTT_DiaChiLienHe,
9,Ước lượng tổn thất,@BCTT_UocLuongTonThat,
10,Mã tiền tệ ước lượng tổn thất,@BCTT_MaTienTeUocLuong,
11,Mã nghiệp vụ bảo hiểm,@BCTT_TenNghiepVuBaoHiem,
12,COI/COE,@BCTT_COI_COE,
13,Bảo hành mở rộng,@BCTT_BaoHanhMoRong,
14,Ngày bắt đầu bảo hiểm,@BCTT_NgayBatDauBH,
15,Ngày kết thúc bảo hiểm,@BCTT_NgayKetThucBH,
16,Ngày tiếp nhận tổn thất,@BCTT_NgayTiepNhanTonThat,
17,Tên sự kiện tổn thất,@BCTT_TenSKTT,
18,Tên tỉnh thành xảy ra tổn thất,@BCTT_TenTinhXayRaTonThat,
19,Đối tượng tổn thất,@BCTT_DoiTuongTonThat,
20,Tên hội đồng,@HDTL_MaHoiDong,
21,Tên hội đồng,@HDTL_TenHoiDong,
22,Mã tờ trình thẩm định,@TTTD_MaToTrinh,
23,Danh sách đơn vị thẩm định,@TTTD_DanhSachDonViThamDinh,
24,Tên tổ chức,@TTTD_DSDVTD_TenToChuc,@TTTD_DanhSachDonViThamDinh
25,Báo giá (VNĐ),@TTTD_DSDVTD_BaoGia,@TTTD_DanhSachDonViThamDinh
26,Tỷ giá,@TTTD_DSDVTD_TyGia,@TTTD_DanhSachDonViThamDinh
27,Mã tiền tệ,@TTTD_DSDVTD_MaTienTe,@TTTD_DanhSachDonViThamDinh
28,Đơn vị thẩm định được duyệt,@TTTD_DonViDuocDuyet,
29,Báo giá được duyệt,@TTTD_BaoGiaDuocDuyet,
30,Chủ tịch hội đồng thanh lý,@HDTL_ChuTichHoiDong,
31,Danh sách thành viên hội đồng (Không bao gồm chủ tịch),@HDTL_DanhSachThanhVien2,
32,Tên thành viên,@HDTL_DSTV_TenThanhVien,@HDTL_DanhSachThanhVien2
33,Chức vụ,@HDTL_DSTV_ChucVu,@HDTL_DanhSachThanhVien2
34,Vị trí,@HDTL_DSTV_ViTri,@HDTL_DanhSachThanhVien2
35,Ghi chú,@HDTL_DSTV_GhiChu,@HDTL_DanhSachThanhVien2
