﻿Order,Label,Key,Parent
1,Đơn vị giám định,@PAGD_CongTyGiamDinh,
2,Công ty nhận yêu cầu thanh toán,@YCTT_CongTyNhanYeuCau,
3,Người thụ hưởng bảo hiểm,@BCTT_NguoiThuHuongBH,
4,Số hợp đồng,@BCTT_SoHopDong,
5,Số đơn bảo hiểm,@BCTT_SoDonBH,
6,Số đơn sửa đổi bổ sung,@BCTT_SoDonSDBS,
7,Ngày bắt đầu bảo hiểm,@BCTT_NgayBatDauBH,
8,Ngày kết thúc bảo hiểm,@BCTT_NgayKetThucBH,
9,Tên tổn thất,@BCTT_TenTonThat,
10,Giờ xảy ra tổn thất,@BCTT_GioXayRaTonThat,
11,Ngày xảy ra tổn thất,@BCTT_NgayXayRaTonThat,
12,Mã hồ sơ bồi thường,@HSBT_DiaDiemTonThat,
13,Người thụ hưởng,@YCTT_NguoiThuHuong,
14,Số tài khoản,@YCTT_SoTaiKhoan,
15,Ngân hàng,@YCTT_NganHang,
