﻿Order,Label,Key,Parent
1,Họ và tên người nhận,@NguoiNhan_HoTen,
2,Địa chỉ người nhận,@NguoiNhan_DiaChi,
3,Số điện thoại người nhận,@NguoiNhan_DienThoai,
4,Căn cước công dân người nhận,@NguoiNhan_CCCD,
5,Đơn vị người nhận,@NguoiNhan_DonVi,
6,Doanh nghiệp/Công ty của người nhận,@NguoiNhan_DoanhNghiep,
7,Mã số thuế người nhận,@NguoiNhan_MaSoThue,
8,Tỉ lệ đồng bảo hiểm (Với nhà đồng),@NguoiNhan_TiLeDongBH,
9,Tỉ lệ tái bảo hiểm (Với nhà tái),@NguoiNhan_TiLeTaiBH,
10,Link chi tiết báo cáo tổn thất,@BCTT_LinkChiTiet,
11,Mã báo cáo tổn thất,@BCTT_MaBCTT,
12,Ngày lập báo cáo,@BCTT_NgayLapBaoCao,
13,Tên tổn thất,@BCTT_TenTonThat,
14,Người thụ hưởng bảo hiểm,@BCTT_NguoiThuHuongBH,
15,Số đơn bảo hiểm,@BCTT_SoDonBH,
16,Số đơn sửa đổi bổ sung,@BCTT_SoDonSDBS,
17,Bảo hành mở rộng,@BCTT_BaoHanhMoRong,
18,Thời hạn hồi tối,@BCTT_ThoiHanHoiTo,
19,Ngày bắt đầu bảo hiểm,@BCTT_NgayBatDauBH,
20,Ngày kết thúc bảo hiểm,@BCTT_NgayKetThucBH,
21,Số lần tổn thất trong thời hạn của Đơn/ HĐBH không tính các lần bị từ chối BT,@BCTT_SoLanTonThat,
22,Tổng số phí bảo hiểm,@BCTT_TongPhiBH,
23,Tổng số phí bảo hiểm thực nộp,@BCTT_TongPhiThucNop,
24,Tình trạng nộp phí,@BCTT_TinhTrangNopPhi,
25,Trạng thái nộp phí,@BCTT_TrangThaiNopPhi,
26,Mã sự kiện tổn thất,@BCTT_MaSKTT,
27,Tên sự kiện tổn thất,@BCTT_TenSKTT,
28,Địa chỉ liên hệ,@BCTT_DiaChiLienHe,
29,Số hợp đồng,@BCTT_SoHopDong,
30,Đối tượng được bảo hiểm,@BCTT_DoiTuongDuocBH,
31,Mã đơn vị cấp đơn,@KBTT_MaDonViCapDon,
32,Tên đơn vị cấp đơn,@KBTT_TenDonViCapDon,
33,Mã đơn vị giải quyết khiếu nại,@KBTT_MaDonViGqkn,
34,Tên đơn vị giải quyết khiếu nại,@KBTT_TenDonViGqkn,
35,Mã nghiệp vụ bảo hiểm,@BCTT_MaNghiepVuBaoHiem,
36,Mã nghiệp vụ bảo hiểm,@BCTT_TenNghiepVuBaoHiem,
37,Mã ban cấp đơn,@BCTT_MaBanCapDon,
38,Mã phòng cấp đơn,@BCTT_MaPhongCapDon,
39,Mã khách hàng,@BCTT_MaKhachHang,
40,Tên khách hàng,@BCTT_TenKhachHang,
41,Đối tượng tổn thất,@BCTT_DoiTuongTonThat,
42,Mã tỉnh thành xảy ra tổn thất,@BCTT_MaTinhXayRaTonThat,
43,Tên tỉnh thành xảy ra tổn thất,@BCTT_TenTinhXayRaTonThat,
44,Địa điểm tổn thất,@BCTT_DiaDiemTonThat,
45,Ngày tiếp nhận tổn thất,@BCTT_NgayTiepNhanTonThat,
46,Giờ tiếp nhận tổn thất,@BCTT_GioTiepNhanTonThat,
47,Ngày xảy ra tổn thất,@BCTT_NgayXayRaTonThat,
48,Giờ xảy ra tổn thất,@BCTT_GioXayRaTonThat,
49,Ước lượng tổn thất,@BCTT_UocLuongTonThat,
50,Nguyên nhân sơ bộ,@BCTT_NguyenNhanSoBo,
51,Mã tiền tệ ước lượng tổn thất,@BCTT_MaTienTeUocLuong,
52,Mã tiền tệ Tổng số phí bảo hiểm,@BCTT_MaTienTeTongPhiBH,
53,Mã tiền tệ tổng phí bảo hiểm thực nộp,@BCTT_MaTienTeTongPhiBHThucNop,
54,Đơn có Tái fronting hay không?,@BCTT_TaiFronting,
55,Loại hình tổn thất,@BCTT_LoaiHinhTonThat,
56,Đơn có Ri,@BCTT_DonCoRI,
57,Danh sách tài liệu đính kèm,@BCTT_CacTaiLieuDinhKem,
58,Danh sách đầu mối cấp đơn,@BCTT_DanhSachDauMoiCapDon,
59,Tên đầu mối,@BCTT_DSDM_TenDauMoi,@BCTT_DanhSachDauMoiCapDon
60,Số điện thoại,@BCTT_DSDM_SoDienThoai,@BCTT_DanhSachDauMoiCapDon
61,Email,@BCTT_DSDM_Email,@BCTT_DanhSachDauMoiCapDon
62,Danh sách đầu mối cấp đơn (Rút gọn),@BCTT_DanhSachDauMoiCapDon_RutGon,
63,Danh sách nhà đồng bảo hiểm,@BCTT_DanhSachNhaDong,
64,Tên nhà đồng bảo hiểm,@BCTT_DSND_TenNhaDong,@BCTT_DanhSachNhaDong
65,Vai trò đồng bảo hiểm,@BCTT_DSND_VaiTroDong,@BCTT_DanhSachNhaDong
66,Tỉ lệ đồng,@BCTT_DSND_TiLeDong,@BCTT_DanhSachNhaDong
67,Tỉ lệ tái hộ đồng,@BCTT_DSND_TiLeTaiHoDong,@BCTT_DanhSachNhaDong
68,Liên hệ,@BCTT_DSND_LienHe,@BCTT_DanhSachNhaDong
69,Số điện thoại,@BCTT_DSND_SoDienThoai,@BCTT_DanhSachNhaDong
70,Email,@BCTT_DSND_Email,@BCTT_DanhSachNhaDong
71,Danh sách nhà đồng (Rút gọn),@BCTT_DanhSachNhaDong_RutGon,
72,Danh sách đầu mối liên hệ các nhà đồng (Rút gọn),@BCTT_DanhSachDauMoiDongBH_RutGon,
73,Có đồng bảo hiểm?,@BCTT_CoDongBaoHiem,
74,Tổng tỉ lệ đồng bảo hiểm (Nếu có nhà đồng),@BCTT_TongTiLeDongBaoHiem,
75,Danh sách nhà tái bảo hiểm,@BCTT_DanhSachNhaTai,
76,Phương thức tái,@BCTT_DSNT_PhuongThucTai,@BCTT_DanhSachNhaTai
77,Tên nhà tái bảo hiểm,@BCTT_DSNT_TenNhaTai,@BCTT_DanhSachNhaTai
78,Tái Leader,@BCTT_DSNT_TaiLeader,@BCTT_DanhSachNhaTai
79,Nhà tái follower,@BCTT_DSNT_NhaTaiFollower,@BCTT_DanhSachNhaTai
80,Tỉ lệ tái theo đơn,@BCTT_DSNT_TiLeTaiTheoDon,@BCTT_DanhSachNhaTai
81,Tỉ lệ Tái theo HĐ TBH,@BCTT_DSNT_TiLeTaiTheoHDTBH,@BCTT_DanhSachNhaTai
82,Liên hệ,@BCTT_DSNT_LienHe,@BCTT_DanhSachNhaTai
83,Số điện thoại,@BCTT_DSNT_SoDienThoai,@BCTT_DanhSachNhaTai
84,Email,@BCTT_DSNT_Email,@BCTT_DanhSachNhaTai
85,Danh sách nhà tái (Rút gọn),@BCTT_DanhSachNhaTai_RutGon,
86,Danh sách đầu mối liên hệ các nhà tái (Rút gọn),@BCTT_DanhSachDauMoiTaiBH_RutGon,
87,Danh sách kỳ thu phí,@BCTT_DanhSachKyThuPhi,
88,Số đơn bảo hiểm,@BCTT_DSKTP_SoDonBH,@BCTT_DanhSachKyThuPhi
89,Số đơn bảo hiểm bổ sung,@BCTT_DSKTP_SoDonBHBS,@BCTT_DanhSachKyThuPhi
90,Loại số đơn bảo hiểm bổ sung,@BCTT_DSKTP_LoaiSoDonBHBS,@BCTT_DanhSachKyThuPhi
91,Ngày thu phí,@BCTT_DSKTP_NgayThuPhi,@BCTT_DanhSachKyThuPhi
92,Mã tiền tệ,@BCTT_DSKTP_MaTienTe,@BCTT_DanhSachKyThuPhi
93,Tỷ giá,@BCTT_DSKTP_TyGia,@BCTT_DanhSachKyThuPhi
94,Nguyên tệ phí,@BCTT_DSKTP_NguyenTePhi,@BCTT_DanhSachKyThuPhi
95,Số tiền phí,@BCTT_DSKTP_SoTienPhi,@BCTT_DanhSachKyThuPhi
96,Nguyên tệ phí,@BCTT_DSKTP_NguyenTePhi,@BCTT_DanhSachKyThuPhi
97,Tình trạng nộp phí,@BCTT_DSKTP_TinhTrangNopPhi,@BCTT_DanhSachKyThuPhi
98,Trạng thái nộp phí,@BCTT_DSKTP_TrangThaiNopPhi,@BCTT_DanhSachKyThuPhi
99,Danh sách kỳ thực thu,@BCTT_DanhSachKyThucThu,
100,Số đơn bảo hiểm,@BCTT_DSKTT_SoDonBH,@BCTT_DanhSachKyThucThu
101,Số đơn bảo hiểm bổ sung,@BCTT_DSKTT_SoDonBHBS,@BCTT_DanhSachKyThucThu
102,Loại tiền,@BCTT_DSKTT_MaTienTe,@BCTT_DanhSachKyThucThu
103,Tỷ giá,@BCTT_DSKTT_TyGia,@BCTT_DanhSachKyThucThu
104,Mã chứng từ,@BCTT_DSKTT_MaChungTu,@BCTT_DanhSachKyThucThu
105,Số chứng từ,@BCTT_DSKTT_SoChungTu,@BCTT_DanhSachKyThucThu
106,Số tiền thực thu,@BCTT_DSKTT_SoTienThucThu,@BCTT_DanhSachKyThucThu
107,Ngày thực thu,@BCTT_DSKTT_NgayThucThu,@BCTT_DanhSachKyThucThu
108,Danh sách kỳ thực thu (Rút gọn),@BCTT_DanhSachKyThucThu_RutGon,
109,Có tái bảo hiểm?,@BCTT_CoTaiBaoHiem,
110,Danh sách mức trách nhiệm (Rút gọn),@BCTT_MucTrachNhiem_RutGon,
111,Danh sách mức khấu trừ (Rút gọn),@BCTT_MucKhauTru_RutGon,
