﻿Order,Label,Key,Parent
1,Tên đơn vị cấp đơn,@KBTT_TenDonViCapDon,
2,Tên ban cấp đơn,@KBTT_TenBanCapDon,
3,Tên phòng cấp đơn,@KBTT_TenPhongCapDon,
4,Tên đơn vị giải quyết khiếu nại,@KBTT_TenDonViGqkn,
5,Tên ban cấp đơn,@KBTT_TenBanGqkn,
6,Tên phòng cấp đơn,@KBTT_TenPhongGqkn,
7,Số hợp đồng,@BCTT_SoHopDong,
8,Số đơn bảo hiểm,@BCTT_SoDonBH,
9,Người thụ hưởng bảo hiểm,@BCTT_NguoiThuHuongBH,
10,Địa chỉ liên hệ,@BCTT_DiaChiLienHe,
11,Tình trạng nộp phí,@BCTT_TinhTrangNopPhi,
12,Trạng thái nộp phí,@BCTT_TrangThaiNopPhi,
13,Ngày bắt đầu bảo hiểm,@BCTT_NgayBatDauBH,
14,Ngày kết thúc bảo hiểm,@BCTT_NgayKetThucBH,
15,Ngày xảy ra tổn thất,@HSBT_NgayXayRaTonThat,
16,Giờ xảy ra tổn thất,@HSBT_GioXayRaTonThat,
17,Tên tỉnh thành xảy ra tổn thất,@BCTT_TenTinhXayRaTonThat,
18,Địa điểm tổn thất,@HSBT_DiaDiemTonThat,
19,Đối tượng tổn thất,@HSBT_DoiTuongTonThat,
20,Tổng số tiền khiếu nại,@BT_CTT_TongSoTienKhieuNai,
21,Mã tờ trình,@BT_CTT_MaToTrinh,
22,Tên tờ trình,@BT_CTT_TenToTrinh,
23,Loại tờ trình,@BT_CTT_LoaiToTrinh,
24,Loại phương án,@BT_CTT_LoaiPhuongAn,
25,Lý do,@BT_CTT_LyDo,
26,Nguyên nhân,@BT_CTT_NguyenNhan,
27,Kết luận,@BT_CTT_KetLuan,
28,Phương án giải quyết,@BT_CTT_PhuongAnGiaiQuyet,
29,Phương án thu đòi,@BT_CTT_PhuongAnThuDoi,
30,Phương án thu hồi,@BT_CTT_PhuongAnThuHoi,
31,Kiến nghị,@BT_CTT_TinhHinhGiaiQuyet,
32,Mã tờ trình phương án bồi thường,@BT_PATBT_MaToTrinh,
33,Tên tờ trình phương án bồi thường,@BT_PATBT_TenToTrinh,
34,Bảng số liệu chuyển tiền trước,@BT_CTT_BangSoLieu,
35,Mã sản phẩm,@SLCTT_MaSanPham,@BT_CTT_BangSoLieu
36,Tên sản phẩm,@SLCTT_TenSanPham,@BT_CTT_BangSoLieu
37,Loại tiền,@SLCTT_LoaiTien,@BT_CTT_BangSoLieu
38,Số tiền bồi thường,@SLCTT_SoTienBoiThuong,@BT_CTT_BangSoLieu
39,Đề xuất thanh toán,@SLCTT_DeXuatThanhToan,@BT_CTT_BangSoLieu
40,Tổng tiền bồi thường chuyển tiền trước (Nguyên tệ),@BT_CTT_TongTienBoiThuongCTT,
41,Tổng tiền đề xuất thanh toán chuyển tiền trước (Nguyên tệ),@BT_CTT_TongTienDeXuatThanhToanCTT,
42,Bảng số liệu thu đòi đồng bảo hiểm,@BT_CTT_BangThuDoiDongBH,
43,Tên nhà đồng,@TDDBH_TenCongTy,@BT_CTT_BangThuDoiDongBH
44,Tỷ lệ đồng,@TDDBH_TyLeDong,@BT_CTT_BangThuDoiDongBH
45,Chuyển tiền trực tiếp,@TDDBH_ChuyenTienTrucTiep,@BT_CTT_BangThuDoiDongBH
46,Thu đòi (Nguyên tệ),@TDDBH_ThuDoiNguyenTe,@BT_CTT_BangThuDoiDongBH
47,Đã thu đòi (Nguyên tệ),@TDDBH_DaThuDoiNguyenTe,@BT_CTT_BangThuDoiDongBH
48,Còn phải thu đòi (Nguyên tệ),@TDDBH_ConLaiNguyenTe,@BT_CTT_BangThuDoiDongBH
49,Bảng số liệu thu đòi đồng bảo hiểm,@BT_CTT_BangThuDoiTaiBH,
50,Tên nhà tái,@TDDTH_TenCongTy,@BT_CTT_BangThuDoiTaiBH
51,Thu đòi (Nguyên tệ),@TDDTH_ThuDoiNguyenTe,@BT_CTT_BangThuDoiTaiBH
52,Đã thu đòi (Nguyên tệ),@TDDTH_DaThuDoiNguyenTe,@BT_CTT_BangThuDoiTaiBH
53,Còn phải thu đòi (Nguyên tệ),@TDDTH_ConLaiNguyenTe,@BT_CTT_BangThuDoiTaiBH
